sourceType,sourceId,journalEntryId,journalDate,accountCode,debitCredit,amount,signedAmount,isReversed,description,linkedCostId,linkedPaymentId,linkedContractId,linkedSupplierId,operationalRecordExists,operationalAmount,ledgerAmount,variance,ownerDecision,mappingAction,decisionReason,approvedBy,approvedAt
COST,134ca83d-ec63-4e3d-9a7a-11a6c65bb025,8bd5d3d4-b315-455e-8c58-7b935c17e363,2025-07-10T00:00:00.000Z,331,CREDIT,52102830,-52102830,FALSE,Ghi nhận chi phí nghiệm thu Thiết bị điện theo HĐ111,134ca83d-ec63-4e3d-9a7a-11a6c65bb025,,,,TRUE,52102830,-52102830,-104205660,MANUAL_REVIEW,NO_ACTION,,,
COST,fb15b2aa-cdf0-4129-9a26-5ecfe3729a38,4ca985be-66d3-483f-ad09-a694f70c754e,2025-07-10T00:00:00.000Z,331,CREDIT,47372080,-47372080,FALSE,Ghi nhận chi phí nghiệm thu Thiết bị điện theo HĐ114,fb15b2aa-cdf0-4129-9a26-5ecfe3729a38,,,,TRUE,47372080,-47372080,-94744160,MANUAL_REVIEW,NO_ACTION,,,
PAYMENT,434ea714-96bf-43b3-aef3-d283b26f69dc,bbba69fe-8241-4bc0-8eb1-8318996b5e5d,2025-07-11T00:00:00.000Z,331,DEBIT,56419982,56419982,FALSE,Chuyển khoản thanh toán Vesbo cho HĐ111 - CK công ty S2,,434ea714-96bf-43b3-aef3-d283b26f69dc,5d80f639-7ff0-44c8-a133-35f9b835833d,partner-vesbo,TRUE,56419982,56419982,0,MANUAL_REVIEW,NO_ACTION,,,
PAYMENT,9bee8b11-dd64-47dd-b49b-283ec3ba1a85,6e6af9da-9bfa-45d9-b904-f42dad21b4d1,2025-07-11T00:00:00.000Z,331,DEBIT,49282323,49282323,FALSE,Chuyển khoản thanh toán Vesbo cho HĐ114 - CK công ty S2,,9bee8b11-dd64-47dd-b49b-283ec3ba1a85,0fee2470-000b-4fcb-adb3-7ec0df88624c,partner-vesbo,TRUE,49282323,49282323,0,MANUAL_REVIEW,NO_ACTION,,,
COST,869caa81-aac6-4602-a3e2-482eacb1af4d,10f960a5-d5e9-4ec7-b72d-0bf57675a902,2025-07-23T00:00:00.000Z,331,CREDIT,12680915,-12680915,FALSE,Ghi nhận chi phí nghiệm thu Thiết bị nước theo HĐ132,869caa81-aac6-4602-a3e2-482eacb1af4d,,,,TRUE,12680915,-12680915,-25361830,MANUAL_REVIEW,NO_ACTION,,,
PAYMENT,35e57cde-8574-4abc-8d68-d7e1826167ec,e9f8de4a-9c10-45cc-9505-2530fb64e814,2025-07-28T00:00:00.000Z,331,DEBIT,13815630,13815630,FALSE,Chuyển khoản thanh toán Vesbo cho HĐ132 - CK công ty S2,,35e57cde-8574-4abc-8d68-d7e1826167ec,a91bfd2f-832f-4a39-81a5-41b971d9f87c,partner-vesbo,TRUE,13815630,13815630,0,MANUAL_REVIEW,NO_ACTION,,,
COST,1393f539-361b-42b0-95f4-757d7f3ee64b,4e941852-fee0-4e10-a7b5-ed1adb6e4fc4,2025-08-01T00:00:00.000Z,331,DEBIT,141557950,141557950,FALSE,Ghi nhận chi phí nghiệm thu Phát sinh thêm tbvs (Giảm) theo HĐ142 (Điều chỉnh giảm),1393f539-361b-42b0-95f4-757d7f3ee64b,,,,TRUE,141557950,141557950,0,MANUAL_REVIEW,NO_ACTION,,,
COST,8f2ab96c-86a2-4255-a105-7be1d31ac83f,0cf78242-1e83-4f31-9ff1-ff16800da301,2025-08-01T00:00:00.000Z,331,CREDIT,142691950,-142691950,FALSE,Ghi nhận chi phí nghiệm thu Phát sinh thêm tbvs (Tăng lại) theo HĐ142,8f2ab96c-86a2-4255-a105-7be1d31ac83f,,,,TRUE,142691950,-142691950,-285383900,MANUAL_REVIEW,NO_ACTION,,,
COST,05fad512-9b0b-4cc2-bf9c-296f64635b26,073789f6-f7bd-434c-8823-e56f1495b0eb,2025-08-01T00:00:00.000Z,331,CREDIT,1637280,-1637280,FALSE,Ghi nhận chi phí nghiệm thu Vật tư phụ theo HĐ142,05fad512-9b0b-4cc2-bf9c-296f64635b26,,,,TRUE,1637280,-1637280,-3274560,MANUAL_REVIEW,NO_ACTION,,,
COST,86e5038c-9179-4bc2-9387-ae230851aaf6,ee156b29-366a-471e-947c-1835d4895e2e,2025-08-01T00:00:00.000Z,331,CREDIT,141557950,-141557950,FALSE,Ghi nhận chi phí nghiệm thu Thiết bị vệ sinh theo HĐ142,86e5038c-9179-4bc2-9387-ae230851aaf6,,,,TRUE,141557950,-141557950,-283115900,MANUAL_REVIEW,NO_ACTION,,,
COST,ddfef388-ee53-4335-85fd-eaaf4616302f,c1b83ce0-bd1c-432b-9020-bc939b2a0939,2025-08-01T00:00:00.000Z,331,CREDIT,205471096,-205471096,FALSE,[TOP_SOURCE] Ghi nhận chi phí nghiệm thu Thiết bị điện + nước theo HĐ141,ddfef388-ee53-4335-85fd-eaaf4616302f,,,,TRUE,205471096,-205471096,-410942192,MANUAL_REVIEW,NO_ACTION,,,
COST,df4793b2-1454-469b-a01f-61126446b176,6a4f00e1-4978-4ad7-ba04-d9aaa2d2d365,2025-08-04T00:00:00.000Z,331,CREDIT,7266040,-7266040,FALSE,Ghi nhận chi phí nghiệm thu Thiết bị điện theo HĐ157,df4793b2-1454-469b-a01f-61126446b176,,,,TRUE,7266040,-7266040,-14532080,MANUAL_REVIEW,NO_ACTION,,,
COST,473a8537-728a-48c1-be08-195762a9b658,bf0b06d5-9a64-4c36-8928-90ce0ea322c3,2025-08-04T00:00:00.000Z,331,CREDIT,49685100,-49685100,FALSE,Ghi nhận chi phí nghiệm thu Thiết bị điện theo HĐ157,473a8537-728a-48c1-be08-195762a9b658,,,,TRUE,49685100,-49685100,-99370200,MANUAL_REVIEW,NO_ACTION,,,
PAYMENT,6a96a3dd-8099-4f20-bc9a-d745dc5d5974,6326e07c-706f-4dab-8107-ff28f5145b5a,2025-08-07T00:00:00.000Z,331,DEBIT,210737383,210737383,FALSE,[TOP_SOURCE] Chuyển khoản thanh toán Vesbo cho HĐ141 - CK công ty S2,,6a96a3dd-8099-4f20-bc9a-d745dc5d5974,dc7b7ff0-477f-48c0-8e55-8b4a34e8760f,partner-vesbo,TRUE,210737383,210737383,0,MANUAL_REVIEW,NO_ACTION,,,
COST,06c61ac8-4542-45ea-b103-80036a13c4c5,08ed85d6-9d51-4bac-acf6-fbda5a4b849d,2025-08-08T00:00:00.000Z,331,CREDIT,7392565,-7392565,FALSE,Ghi nhận chi phí nghiệm thu Thiết bị nước theo HĐ158,06c61ac8-4542-45ea-b103-80036a13c4c5,,,,TRUE,7392565,-7392565,-14785130,MANUAL_REVIEW,NO_ACTION,,,
PAYMENT,5912d36d-b5f0-432d-9c8d-1b58e85040b9,1027128d-dc7c-4b30-a087-48ec443862a5,2025-08-12T00:00:00.000Z,331,DEBIT,150046272,150046272,FALSE,[TOP_SOURCE] Chuyển khoản thanh toán Vesbo cho HĐ142 - CK công ty S2,,5912d36d-b5f0-432d-9c8d-1b58e85040b9,150c9f74-6be9-4317-94c2-b808ab90c053,partner-vesbo,TRUE,150046272,150046272,0,MANUAL_REVIEW,NO_ACTION,,,
COST,4ddaa8e9-1e19-4541-af37-5015cc84a8b9,1c6d50b1-ed28-49ea-b753-b114969e326f,2025-08-18T00:00:00.000Z,331,CREDIT,123375240,-123375240,FALSE,Ghi nhận chi phí nghiệm thu Thiết bị vệ sinh theo HĐ161,4ddaa8e9-1e19-4541-af37-5015cc84a8b9,,,,TRUE,123375240,-123375240,-246750480,MANUAL_REVIEW,NO_ACTION,,,
PAYMENT,effc996f-b4fb-4d34-97cf-c66e394db70d,34e7bbda-7226-4c7f-bc0c-abbccdf59095,2025-08-20T00:00:00.000Z,331,DEBIT,61053064,61053064,FALSE,Chuyển khoản thanh toán Vesbo cho HĐ157 - CK công ty S2,,effc996f-b4fb-4d34-97cf-c66e394db70d,40cdc9fb-28d1-4e68-9728-1b2560f82bf7,partner-vesbo,TRUE,61053064,61053064,0,MANUAL_REVIEW,NO_ACTION,,,
PAYMENT,3edda3d0-f15d-4f72-9a31-53c49033e6b5,c6432517-eada-4316-a4da-30a3a5dcaa35,2025-08-25T00:00:00.000Z,331,DEBIT,129488008,129488008,FALSE,Chuyển khoản thanh toán Vesbo cho HĐ161 - CK công ty S2,,3edda3d0-f15d-4f72-9a31-53c49033e6b5,292308cf-a3e1-413d-97a2-5e603c85ff64,partner-vesbo,TRUE,129488008,129488008,0,MANUAL_REVIEW,NO_ACTION,,,
PAYMENT,66f2a9f2-7b7b-4027-af98-433a73516c52,735cb957-20b8-4438-a877-f18e7cad61de,2025-08-25T00:00:00.000Z,331,DEBIT,8163653,8163653,FALSE,Chuyển khoản thanh toán Vesbo cho HĐ158 - CK công ty S2,,66f2a9f2-7b7b-4027-af98-433a73516c52,bc909238-83b1-4440-a72d-6bd63406257f,partner-vesbo,TRUE,8163653,8163653,0,MANUAL_REVIEW,NO_ACTION,,,
COST,58c40847-a19e-49e0-89d6-7ae89d3e7578,211f5ba6-604f-4d0d-9e79-3be74db45a01,2025-09-17T00:00:00.000Z,331,CREDIT,12826964,-12826964,FALSE,Ghi nhận chi phí nghiệm thu Thiết bị điện theo HĐ183,58c40847-a19e-49e0-89d6-7ae89d3e7578,,,,TRUE,12826964,-12826964,-25653928,MANUAL_REVIEW,NO_ACTION,,,
PAYMENT,55676f75-8fb5-4d70-a15f-1c27af5db345,3fe79be5-e7c8-4562-83bf-daae4896c75d,2025-09-22T00:00:00.000Z,331,DEBIT,16010403,16010403,FALSE,Chuyển khoản thanh toán Vesbo cho HĐ183 - CK công ty S2,,55676f75-8fb5-4d70-a15f-1c27af5db345,4e63b44a-6f26-47b8-b4b3-8cf96fbdca49,partner-vesbo,TRUE,16010403,16010403,0,MANUAL_REVIEW,NO_ACTION,,,
PAYMENT,5fdbda00-5c51-4435-a732-ba10129b4b6c,4de616bd-0b2c-4c8e-8100-c3452b3b6279,2025-12-12T00:00:00.000Z,331,DEBIT,14702276,14702276,FALSE,Chuyển khoản thanh toán Vesbo cho HĐ267 - CK công ty S2,,5fdbda00-5c51-4435-a732-ba10129b4b6c,9a971a97-a83e-4707-bb8f-3ab0787daeb9,partner-vesbo,TRUE,14702276,14702276,0,MANUAL_REVIEW,NO_ACTION,,,
PAYMENT,f18e3414-6dac-481c-831c-939f86cdaab8,a7bb08fd-6c62-4b10-ae26-9b93ad1c9540,2026-01-06T00:00:00.000Z,331,DEBIT,3145908,3145908,FALSE,Chuyển khoản thanh toán Vesbo cho HĐ1 - CK công ty S2,,f18e3414-6dac-481c-831c-939f86cdaab8,aae8ddd3-0d13-4794-8b03-cfb8ed98a993,partner-vesbo,TRUE,3145908,3145908,0,MANUAL_REVIEW,NO_ACTION,,,
COST,4329cd79-3429-41ec-a385-7b8d63ec15d3,be13068a-a03f-457c-aacc-6da29b85ab9d,2026-04-20T00:00:00.000Z,331,CREDIT,42076250,-42076250,FALSE,Ghi nhận chi phí nghiệm thu Thiết bị điện (Phát sinh trong kỳ) theo HĐ64,4329cd79-3429-41ec-a385-7b8d63ec15d3,,,,TRUE,42076250,-42076250,-84152500,MANUAL_REVIEW,NO_ACTION,,,
PAYMENT,591792d0-4194-4e71-aa67-92cce6341df8,276fd920-6a06-494d-aeb5-5a1127175a47,2026-05-05T00:00:00.000Z,331,DEBIT,43970149,43970149,TRUE,Chuyển khoản thanh toán Vesbo cho HĐ64 - CK công ty S2,,591792d0-4194-4e71-aa67-92cce6341df8,baecca1e-6f24-46b6-bd69-0a67fa6a493c,partner-vesbo,TRUE,43970149,43970149,0,MANUAL_REVIEW,NO_ACTION,,,
